34200.629762,4,1,50,1000100,-1
34201.421174,4,2,200,1000000,1
34201.486772,4,3,100,1000100,-1
34201.846225,1,4,150,1000100,-1
34202.290755,4,5,200,1000000,1
34202.434884,4,6,200,1000100,-1
34203.298027,4,7,200,1000100,-1
34203.511956,1,8,50,1000000,1
34204.078091,4,9,150,1000000,1
34204.19034,4,10,50,999900,1
34204.28686,1,11,200,1000000,-1
34204.728416,4,12,150,1000000,-1
34205.060389,1,13,50,1000000,-1
34205.465659,1,14,50,999900,1
34205.714633,4,15,100,1000000,-1
34205.850811,1,16,200,999900,1
34206.149846,4,17,200,999900,1
34206.808685,4,18,50,999900,1
34207.187179,4,19,100,1000000,-1
34207.402064,4,20,200,999900,1
34207.527089,1,21,50,1000000,-1
34207.6851,1,22,100,1000000,-1
34207.722782,4,23,50,999900,1
34207.793301,4,24,50,999900,1
34208.388977,1,25,100,999900,-1
34209.994522,1,26,150,999900,-1
34210.139192,1,27,200,999800,1
34210.484954,4,28,150,999900,-1
34210.55184,4,29,200,999800,1
34210.663473,4,30,200,999800,1
34211.27973,1,31,100,999800,1
34211.420309,4,32,100,999900,-1
34211.437741,4,33,50,999900,-1
34211.644887,4,34,50,999800,1
34212.076853,1,35,100,999900,-1
34212.414033,4,36,150,999800,1
34214.136903,4,37,100,999900,-1
34214.289271,4,38,100,999900,-1
34214.985046,1,39,200,999900,-1
34215.47477,1,40,150,999800,1
34216.373887,1,41,50,999900,-1
34216.496479,4,42,100,999800,1
34217.048992,1,43,100,999900,-1
34217.513818,1,44,100,999800,1
34217.676346,1,45,200,999800,1
34218.099587,4,46,100,999800,1
34218.60504,4,47,100,999900,-1
34218.751457,4,48,200,999800,1
34218.855466,1,49,100,999900,-1
34219.06084,4,50,200,999900,-1
34219.100376,4,51,200,999800,1
34219.344814,4,52,200,999900,-1
34219.477967,4,53,50,999900,-1
34219.515502,1,54,150,999800,1
34219.993306,1,55,50,999800,1
34220.227116,1,56,200,999900,-1
34220.478607,4,57,150,999800,1
34220.713394,1,58,50,999800,1
34220.866267,1,59,50,999900,-1
34221.29337,4,60,50,999800,1
34221.36691,4,61,100,999800,1
34221.825672,4,62,100,999800,1
34222.193033,4,63,50,999900,-1
34222.363085,4,64,50,999800,1
34222.440534,1,65,50,999800,1
34222.767933,1,66,200,999900,-1
34223.012797,4,67,150,999900,-1
34223.761317,1,68,150,999900,-1
34224.299511,1,69,150,999800,1
34224.535355,4,70,100,999800,1
34224.890295,1,71,150,999800,1
34225.459107,4,72,150,999900,-1
34225.740398,4,73,200,999900,-1
34225.815054,1,74,150,999900,-1
34226.109276,1,75,200,999800,1
34226.433402,1,76,100,999800,1
34226.666834,1,77,200,999900,-1
34226.82277,4,78,100,999800,1
34226.932265,1,79,100,999800,1
34227.105198,1,80,150,999800,1
34227.300344,1,81,150,999800,1
34227.337379,4,82,100,999900,-1
34227.613849,1,83,50,999900,-1
34228.221519,4,84,150,999800,1
34228.513857,1,85,150,999900,-1
34228.791885,1,86,200,999800,1
34228.81645,4,87,150,999800,1
34229.232885,4,88,50,999800,1
34229.589616,1,89,50,999900,-1
34230.281742,4,90,150,999900,-1
34230.833149,4,91,100,999800,1
34231.306517,4,92,200,999900,-1
34231.410172,1,93,100,999900,-1
34231.445126,4,94,200,999800,1
34231.610983,4,95,50,999900,-1
34232.248389,1,96,50,999900,-1
34232.292809,4,97,100,999900,-1
34232.357801,4,98,50,999900,-1
34232.436875,1,99,50,999900,-1
34233.814912,1,100,150,999800,1
34233.963814,1,101,200,999900,-1
34234.162441,4,102,200,999800,1
34234.304205,4,103,150,999800,1
34236.4513,1,104,50,999800,1
34236.675963,4,105,150,999800,1
34237.31455,4,106,150,999800,1
34237.562613,1,107,50,999800,-1
34238.080648,1,108,150,999700,1
34238.307279,1,109,100,999800,-1
34238.464538,1,110,150,999800,-1
34238.972455,4,111,150,999700,1
34239.306651,1,112,150,999800,-1
34240.030719,4,113,150,999800,-1
34240.184962,4,114,150,999700,1
34240.407,4,115,150,999700,1
34240.728511,1,116,50,999700,1
34241.561515,4,117,50,999800,-1
34243.446891,4,118,150,999700,1
34243.479082,4,119,100,999800,-1
34243.511483,1,120,150,999700,1
34244.108426,4,121,200,999700,1
34244.302276,1,122,150,999700,1
34245.105499,1,123,200,999700,1
34245.223786,1,124,100,999800,-1
34245.786074,1,125,150,999700,1
34246.203934,1,126,150,999800,-1
34246.251687,4,127,100,999800,-1
34246.554216,1,128,50,999800,-1
34247.400464,4,129,150,999700,1
34249.1831,1,130,150,999800,-1
34249.991147,1,131,50,999700,1
34250.13833,1,132,200,999800,-1
34250.406703,1,133,150,999700,1
34250.578613,4,134,50,999800,-1
34251.3241,4,135,200,999700,1
34251.532802,1,136,50,999800,-1
34251.866725,1,137,100,999700,1
34252.620412,4,138,200,999700,1
34253.310232,4,139,50,999700,1
34253.322673,1,140,50,999800,-1
34253.785143,4,141,150,999700,1
34254.340255,4,142,100,999700,1
34254.489307,4,143,200,999700,-1
34255.215193,1,144,100,999700,-1
34255.215533,4,145,150,999700,-1
34255.331051,4,146,200,999700,-1
34255.652134,4,147,100,999600,1
34255.693582,1,148,200,999600,1
34256.137703,4,149,50,999600,1
34256.245939,4,150,150,999700,-1
34256.409557,1,151,150,999800,-1
34256.524412,1,152,50,999700,1
34256.526473,4,153,200,999700,1
34257.510449,1,154,200,999700,1
34257.687283,4,155,150,999800,-1
34257.784355,1,156,100,999800,-1
34258.245168,4,157,50,999700,1
34258.513643,4,158,200,999700,1
34258.694407,4,159,100,999800,-1
34258.836555,4,160,50,999800,-1
34258.864642,4,161,100,999700,1
34259.301248,1,162,150,999700,1
34259.399599,4,163,100,999800,-1
34259.60753,1,164,50,999800,-1
34260.77703,4,165,50,999800,-1
34260.915558,4,166,200,999800,-1
34260.958255,4,167,50,999700,1
34261.815897,1,168,100,999800,-1
34261.863022,4,169,50,999800,-1
34262.281002,1,170,150,999800,-1
34262.558872,4,171,50,999700,1
34262.985721,4,172,150,999800,-1
34263.583822,1,173,50,999700,1
34264.18996,1,174,50,999800,-1
34264.436409,4,175,200,999800,-1
34264.533348,4,176,200,999700,1
34264.631245,4,177,50,999700,1
34264.752219,4,178,200,999700,1
34264.783603,1,179,200,999600,1
34265.539089,1,180,150,999700,-1
34266.252356,4,181,200,999700,-1
34266.323258,4,182,50,999700,-1
34266.487325,1,183,200,999700,-1
34266.739937,1,184,50,999600,1
34267.020977,4,185,50,999600,1
34267.242299,1,186,200,999700,-1
34267.314832,4,187,50,999700,-1
34267.972901,4,188,100,999600,1
34268.029284,1,189,200,999600,1
34268.057455,4,190,200,999700,-1
34268.167033,1,191,50,999700,-1
34268.474565,4,192,50,999600,1
34268.61273,1,193,50,999600,1
34268.903779,4,194,100,999700,-1
34269.322143,1,195,200,999600,1
34269.574577,1,196,200,999600,1
34269.754847,4,197,150,999600,1
34270.10045,4,198,50,999700,-1
34270.448205,4,199,50,999700,-1
34271.06389,1,200,50,999600,1
34271.316814,4,201,150,999700,-1
34271.341781,1,202,50,999700,-1
34271.448526,1,203,150,999600,1
34271.474291,4,204,200,999700,-1
34271.961438,1,205,150,999700,-1
34271.997449,1,206,150,999600,1
34272.088396,1,207,200,999600,1
34272.221864,1,208,100,999700,-1
34272.223897,1,209,150,999700,-1
34272.870566,4,210,200,999700,-1
34273.258817,4,211,200,999600,1
34273.429549,4,212,50,999700,-1
34273.629692,1,213,50,999600,1
34273.778594,1,214,50,999700,-1
34274.007698,1,215,200,999700,-1
34274.91196,1,216,200,999600,1
34275.069771,1,217,100,999700,-1
34275.453876,4,218,100,999600,1
34275.473857,4,219,150,999700,-1
34275.515133,4,220,150,999600,1
34276.385722,1,221,150,999600,1
34276.567408,4,222,200,999700,-1
34276.950733,1,223,150,999600,1
34277.328546,1,224,200,999600,1
34277.553481,1,225,100,999600,1
34277.693636,4,226,150,999600,1
34277.87916,4,227,50,999700,-1
34279.414705,1,228,100,999700,-1
34280.375354,1,229,150,999600,1
34280.5707,1,230,150,999700,-1
34280.572615,4,231,50,999600,1
34281.033646,4,232,200,999600,1
34281.365669,4,233,100,999700,-1
34281.718076,4,234,100,999600,1
34281.988638,1,235,200,999700,-1
34282.091009,4,236,150,999700,-1
34283.891743,4,237,50,999700,-1
34284.325027,4,238,50,999700,-1
34284.869826,1,239,200,999700,-1
34285.059211,4,240,100,999600,1
34285.257917,1,241,200,999600,1
34285.655134,4,242,150,999600,1
34285.744491,4,243,200,999600,1
34287.169798,1,244,200,999700,-1
34287.193572,4,245,100,999600,1
34287.254994,4,246,150,999600,1
34287.645079,4,247,100,999700,-1
34287.670755,1,248,100,999600,1
34287.964217,1,249,150,999600,1
34288.635009,1,250,200,999600,1
34288.754309,1,251,200,999700,-1
34289.56506,1,252,150,999700,-1
34289.805177,4,253,100,999600,1
34290.169604,1,254,150,999700,-1
34290.681058,4,255,200,999700,-1
34291.103062,4,256,100,999600,1
34291.193808,4,257,150,999700,-1
34291.259643,4,258,100,999600,1
34291.582647,1,259,100,999700,-1
34292.1932,4,260,100,999600,1
34292.207531,1,261,50,999700,-1
34292.479901,4,262,150,999700,-1
34292.638526,1,263,150,999600,1
34293.353759,1,264,50,999700,-1
34293.538876,4,265,200,999600,1
34294.03796,1,266,100,999700,-1
34294.463921,4,267,200,999600,1
34294.473274,1,268,50,999600,1
34294.597497,4,269,150,999700,-1
34294.67554,4,270,200,999600,1
34294.891904,4,271,100,999600,1
34295.202249,1,272,150,999600,1
34295.508935,4,273,150,999700,-1
34295.550763,1,274,150,999600,1
34296.408904,1,275,200,999700,-1
34296.897767,4,276,50,999700,-1
34297.12455,1,277,50,999700,-1
34297.421144,4,278,150,999700,-1
34297.819926,1,279,150,999600,1
34297.977271,4,280,150,999600,1
34298.000322,1,281,100,999600,1
34298.11707,4,282,50,999600,1
34298.24899,1,283,150,999700,-1
34298.305156,1,284,50,999600,1
34298.350668,1,285,200,999700,-1
34298.444452,1,286,50,999700,-1
34299.592655,1,287,200,999700,-1
34299.708214,1,288,200,999700,-1
34299.725379,1,289,200,999600,1
34299.940405,4,290,50,999700,-1
34299.941901,4,291,150,999600,1
34300.307211,4,292,200,999700,-1
34300.50832,1,293,100,999600,1
34300.669777,1,294,100,999600,1
34302.049877,1,295,200,999600,1
34302.716651,4,296,200,999600,1
34302.777662,4,297,200,999600,1
34303.184823,1,298,100,999600,1
34303.364595,4,299,150,999700,-1
34303.684473,4,300,150,999700,-1
34304.45388,1,301,50,999600,1
34305.034121,4,302,200,999700,-1
34305.07224,4,303,150,999700,-1
34306.04609,4,304,100,999700,-1
34306.064304,1,305,150,999600,1
34306.143714,1,306,100,999600,1
34306.200784,4,307,150,999700,-1
34306.434302,4,308,200,999700,-1
34306.875306,1,309,150,999700,-1
34307.204767,4,310,100,999700,-1
34307.414934,1,311,100,999600,1
34307.819993,4,312,50,999600,1
34307.846784,4,313,150,999600,1
34308.684714,4,314,100,999600,1
34308.817863,4,315,200,999600,1
34310.268252,4,316,100,999600,1
34310.392749,4,317,200,999700,-1
34311.155836,4,318,100,999700,1
34311.475586,1,319,100,999800,-1
34311.75178,1,320,100,999700,1
34311.954764,4,321,150,999700,1
34312.330463,4,322,150,999800,-1
34312.475617,4,323,100,999800,-1
34312.500457,4,324,50,999700,1
34312.67674,4,325,150,999800,-1
34313.635384,1,326,200,999800,-1
34313.900379,4,327,50,999700,1
34314.101007,4,328,150,999700,1
34314.220363,4,329,150,999600,1
34315.296949,1,330,50,999700,-1
34315.343232,1,331,150,999700,-1
34316.099689,4,332,100,999600,1
34316.135241,1,333,100,999700,-1
34316.355488,4,334,100,999700,-1
34317.7296,1,335,200,999600,1
34317.808623,4,336,50,999700,-1
34318.522732,4,337,50,999600,1
34319.199932,4,338,200,999600,1
34319.22099,4,339,100,999700,-1
34319.286669,1,340,150,999600,1
34319.490942,1,341,100,999600,1
34319.584735,1,342,100,999700,-1
34320.279294,4,343,100,999600,1
34320.954763,4,344,50,999600,1
34321.405187,4,345,100,999600,1
34322.828075,1,346,150,999700,-1
34323.351476,4,347,100,999600,1
34323.359852,4,348,200,999600,-1
34323.379585,1,349,100,999600,-1
34323.4811,1,350,50,999600,-1
34323.907719,4,351,150,999500,1
34324.145634,1,352,200,999600,-1
34324.649638,4,353,50,999500,1
34326.424835,1,354,100,999600,-1
34326.655971,4,355,50,999500,1
34327.148953,4,356,200,999600,-1
34327.156267,1,357,50,999600,-1
34327.193527,4,358,50,999500,1
34327.789493,4,359,150,999400,1
34328.853035,1,360,100,999500,-1
34329.693975,1,361,50,999400,1
34330.087707,1,362,100,999400,1
34330.466196,1,363,150,999500,-1
34330.619882,1,364,50,999400,1
34330.827264,4,365,50,999400,1
34331.068912,1,366,150,999500,-1
34331.509893,4,367,50,999400,1
34331.975053,4,368,150,999500,-1
34332.560671,1,369,150,999400,1
34332.599423,4,370,50,999400,1
34332.632724,1,371,150,999400,1
34333.080556,4,372,200,999500,-1
34333.123964,4,373,200,999500,-1
34333.390368,4,374,100,999400,1
34333.888294,1,375,50,999500,-1
34334.131768,4,376,100,999400,1
34334.280088,4,377,50,999500,-1
34334.39357,1,378,100,999500,-1
34335.369191,1,379,50,999500,-1
34335.785888,1,380,150,999500,-1
34336.193305,1,381,50,999500,-1
34336.605642,4,382,150,999400,1
34336.788746,4,383,150,999400,1
34337.830262,4,384,200,999400,1
34338.002498,4,385,150,999300,1
34338.359446,4,386,100,999400,-1
34338.425223,1,387,150,999300,1
34339.108126,1,388,200,999400,-1
34339.322201,1,389,50,999300,1
34339.42474,4,390,150,999300,1
34339.900636,4,391,150,999400,-1
34339.931786,4,392,100,999300,1
34340.038911,4,393,100,999300,1
34340.402015,4,394,50,999400,-1
34340.729298,1,395,50,999300,1
34340.759012,1,396,100,999400,-1
34342.53822,1,397,50,999400,-1
34342.910167,4,398,50,999300,1
34343.184776,1,399,150,999400,-1
34343.498722,4,400,200,999400,-1
34343.692677,4,401,100,999400,-1
34343.773645,4,402,150,999300,1
34343.969943,1,403,50,999200,1
34344.117127,4,404,200,999300,-1
34344.336002,1,405,150,999300,-1
34344.392665,1,406,100,999200,1
34344.499384,1,407,200,999200,1
34344.524937,1,408,150,999200,1
34345.086671,4,409,50,999200,1
34346.035772,1,410,50,999300,-1
34346.874509,4,411,150,999200,1
34346.998014,1,412,100,999200,1
34347.098549,4,413,50,999200,1
34347.163642,4,414,150,999200,1
34347.204545,1,415,100,999200,1
34347.937492,1,416,50,999200,1
34348.164184,1,417,150,999200,1
34348.435928,4,418,200,999300,-1
34348.615522,4,419,50,999200,1
34348.836989,1,420,150,999200,1
34349.987481,4,421,50,999200,1
34350.305373,4,422,150,999300,-1
34350.627675,1,423,200,999200,1
34351.887994,4,424,200,999300,-1
34352.325596,1,425,200,999400,-1
34352.568139,1,426,50,999300,1
34352.677724,1,427,100,999300,1
34352.957005,4,428,150,999300,1
34353.254947,4,429,150,999300,1
34353.772047,4,430,100,999400,-1
34354.194684,4,431,150,999300,1
34354.320599,1,432,150,999300,1
34355.810368,4,433,200,999300,1
34356.712445,4,434,200,999400,-1
34357.879782,1,435,100,999300,1
34358.284191,4,436,200,999400,-1
34359.635623,4,437,200,999300,1
34360.881585,1,438,150,999300,1
34361.30181,1,439,150,999400,-1
34361.781866,1,440,150,999400,-1
34362.042016,4,441,200,999300,1
34362.067598,1,442,200,999300,1
34362.127753,1,443,200,999400,-1
34362.186958,4,444,150,999400,-1
34363.676061,1,445,200,999300,1
34364.365718,4,446,50,999300,1
34364.427624,4,447,200,999400,-1
34364.751095,4,448,50,999400,-1
34365.067536,4,449,50,999300,1
34365.246552,4,450,100,999400,-1
34365.343099,4,451,50,999400,-1
34365.452113,1,452,100,999400,-1
34365.720185,4,453,150,999300,1
34365.919763,1,454,50,999400,-1
34366.156807,4,455,200,999300,1
34366.33447,1,456,50,999400,-1
34366.711816,1,457,200,999300,1
34366.775532,4,458,150,999400,-1
34366.885547,4,459,150,999400,-1
34367.042369,4,460,200,999500,-1
34367.466195,4,461,100,999500,-1
34368.187723,4,462,50,999400,1
34368.448297,4,463,100,999500,-1
34368.911787,4,464,50,999500,-1
34368.963834,1,465,50,999500,-1
34369.232123,4,466,200,999500,-1
34369.321976,1,467,200,999400,1
34369.887283,1,468,50,999400,1
34370.402975,1,469,200,999400,1
34370.623921,4,470,200,999400,1
34372.358647,4,471,200,999500,-1
34372.382351,4,472,50,999600,-1
34372.654127,4,473,200,999600,-1
34373.332939,4,474,150,999600,-1
34373.485732,4,475,100,999500,1
34373.730893,1,476,100,999500,1
34374.296341,1,477,150,999600,-1
34374.435748,1,478,50,999500,1
34374.654621,1,479,100,999600,-1
34374.773671,4,480,150,999500,1
34375.293449,1,481,50,999600,-1
34375.902204,1,482,200,999500,1
34376.126701,4,483,150,999500,1
34376.462705,1,484,100,999500,1
34376.527085,4,485,50,999500,1
34376.604407,1,486,100,999600,-1
34376.619745,4,487,100,999600,-1
34376.674473,4,488,200,999600,-1
34376.736569,4,489,100,999500,1
34376.943607,1,490,100,999600,-1
34377.134468,4,491,150,999600,-1
34377.20151,1,492,200,999500,1
34377.366597,1,493,100,999600,-1
34377.444694,4,494,150,999500,1
34378.328081,1,495,100,999500,1
34379.01473,4,496,100,999500,1
34379.203171,1,497,150,999500,1
34379.36357,4,498,50,999500,1
34379.527548,4,499,150,999600,-1
34380.141823,1,500,50,999500,1
34380.331852,4,501,50,999500,1
34380.649885,4,502,50,999600,-1
34380.891738,4,503,200,999700,-1
34382.193482,4,504,100,999700,-1
34382.298386,4,505,50,999700,-1
34382.364633,1,506,50,999700,-1
34382.365807,1,507,150,999600,1
34382.374982,1,508,100,999600,1
34382.840795,1,509,100,999600,1
34382.958576,4,510,150,999600,1
34383.285926,4,511,150,999600,1
34383.442474,4,512,200,999700,-1
34383.556414,4,513,50,999600,1
34383.887613,4,514,100,999700,-1
34383.998687,1,515,200,999600,1
34384.255297,1,516,50,999600,1
34384.300295,1,517,150,999700,-1
34384.694781,4,518,100,999700,-1
34385.741223,1,519,200,999700,-1
34385.955088,4,520,200,999700,-1
34386.965882,1,521,50,999700,-1
34387.980919,4,522,200,999600,1
34388.073566,1,523,50,999600,1
34388.097743,1,524,100,999600,1
34388.253479,1,525,150,999600,1
34388.365596,4,526,200,999700,-1
34388.714995,1,527,150,999800,-1
34390.056036,1,528,50,999800,-1
34390.758691,1,529,200,999700,1
34391.458608,4,530,100,999800,-1
34391.814409,4,531,100,999800,-1
34392.242531,4,532,50,999700,1
34392.259339,4,533,150,999800,-1
34392.328124,4,534,150,999700,1
34392.490446,1,535,150,999800,-1
34392.64266,4,536,50,999800,-1
34393.463686,1,537,100,999700,1
34393.483658,4,538,200,999800,-1
34394.056118,1,539,200,999800,-1
34395.253091,1,540,100,999800,-1
34395.293449,1,541,100,999800,-1
34396.1449,4,542,200,999800,-1
34396.471629,1,543,200,999800,-1
34396.537048,4,544,100,999700,1
34397.041559,4,545,100,999800,-1
34397.946781,4,546,50,999700,1
34397.963569,4,547,150,999800,-1
34398.160281,1,548,50,999800,-1
34398.185505,4,549,150,999700,1
34398.358031,4,550,150,999700,1
34398.413659,4,551,200,999800,-1
34398.63252,1,552,150,999800,-1
34398.78185,4,553,50,999700,1
34398.872393,4,554,100,999700,1
34399.173047,4,555,100,999700,1
34399.58664,1,556,100,999700,-1
34400.007119,4,557,100,999700,-1
34400.728892,4,558,50,999600,1
34400.78779,1,559,100,999600,1
34401.123923,1,560,100,999600,1
34401.147112,4,561,100,999600,1
34401.637219,4,562,200,999600,1
34402.154752,4,563,50,999600,1
34402.222631,4,564,150,999600,1
34403.251997,1,565,50,999700,-1
34403.732025,4,566,150,999700,-1
34403.992165,4,567,150,999700,-1
34404.184283,1,568,200,999600,1
34404.354151,4,569,50,999600,1
34405.416404,1,570,150,999700,-1
34405.677853,4,571,150,999600,1
34405.833679,4,572,200,999700,-1
34406.289733,4,573,150,999700,-1
34407.305101,4,574,200,999700,-1
34407.307783,4,575,150,999700,1
34407.469028,4,576,100,999800,-1
34407.487985,1,577,50,999800,-1
34408.662357,4,578,50,999700,1
34408.715428,1,579,200,999800,-1
34409.127783,1,580,50,999700,1
34409.389975,4,581,200,999800,-1
34411.169227,1,582,50,999700,1
34411.361494,4,583,100,999700,1
34411.464834,1,584,150,999800,-1
34411.491763,4,585,100,999700,1
34411.629191,4,586,100,999800,-1
34411.701144,1,587,100,999700,1
34413.782075,4,588,100,999800,-1
34414.288474,4,589,50,999700,1
34414.365383,4,590,150,999800,-1
34414.51447,4,591,200,999700,1
34415.354137,4,592,150,999800,-1
34415.952341,1,593,50,999800,1
34416.014982,1,594,100,999900,-1
34416.079859,4,595,50,999800,1
34417.124069,1,596,200,999800,1
34417.503945,4,597,50,999800,1
34417.530094,4,598,200,999900,-1
34417.586823,1,599,50,999900,-1
34418.263221,4,600,200,999900,-1
34418.367376,4,601,150,999900,-1
34418.420679,1,602,150,999800,1
34418.426487,4,603,100,999800,1
34418.542844,1,604,200,999800,1
34419.244164,4,605,150,999800,1
34419.501752,1,606,150,999900,-1
34419.674875,4,607,200,999800,1
34420.330653,4,608,200,999900,-1
34420.626627,4,609,100,999900,-1
34420.665435,1,610,200,999800,1
34421.274732,1,611,50,999800,1
34421.820248,4,612,150,999800,1
34421.980832,4,613,150,999800,1
34423.643336,4,614,100,999800,1
34425.031305,1,615,100,999900,-1
34425.126908,1,616,200,999800,1
34425.183536,4,617,200,999900,-1
34426.072938,1,618,100,999800,1
34426.081419,1,619,200,999900,-1
34426.41756,1,620,200,999900,-1
34426.794613,4,621,200,999900,-1
34427.598491,1,622,200,999800,1
34427.951831,1,623,200,999800,1
34428.237664,4,624,200,999800,1
34428.360511,4,625,100,999800,1
34428.693775,4,626,200,999800,1
34429.086969,1,627,150,999900,-1
34430.128819,1,628,50,999800,1
34430.430487,1,629,200,999800,1
34430.432641,4,630,200,999900,-1
34431.130508,4,631,100,999800,1
34431.197507,4,632,200,999800,1
34431.345659,4,633,50,999800,1
34431.416472,1,634,150,999800,1
34431.490848,1,635,50,999900,-1
34432.032232,4,636,200,999900,-1
34433.32079,4,637,150,999900,-1
34433.402417,1,638,200,1000000,-1
34433.456652,4,639,200,1000000,-1
34433.991142,4,640,200,999900,1
34434.817554,1,641,200,999900,1
34435.185975,4,642,50,999900,1
34435.304712,4,643,150,999900,1
34435.312031,4,644,100,1000000,-1
34435.385907,4,645,100,999900,1
34435.54647,1,646,200,999900,-1
34435.858867,1,647,150,999900,-1
34436.396115,4,648,100,999900,-1
34437.197119,4,649,50,999900,-1
34437.217662,4,650,150,999800,1
34437.435406,1,651,200,999900,-1
34437.552508,4,652,200,999900,-1
34437.693535,4,653,100,999900,-1
34438.175294,4,654,100,999800,1
34438.374261,1,655,100,999900,-1
34438.684868,4,656,100,999900,-1
34439.386191,1,657,50,999900,-1
34439.40868,4,658,200,999900,-1
34439.506694,1,659,50,999800,1
34439.741528,4,660,50,999800,1
34439.846265,4,661,100,999900,-1
34440.155167,4,662,200,999900,-1
34440.211778,4,663,50,999800,1
34440.362505,4,664,100,999800,1
34441.064581,4,665,150,999900,-1
34441.371468,1,666,200,999800,1
34441.466363,1,667,200,999800,1
34441.608496,1,668,150,999900,-1
34442.468522,4,669,100,999800,1
34442.659271,4,670,200,999800,1
34443.171511,1,671,150,999900,-1
34443.421559,4,672,200,999800,1
34444.185635,4,673,50,999900,-1
34444.408412,1,674,100,999800,1
34444.577699,1,675,100,999800,1
34444.949801,1,676,200,999800,1
34445.035406,4,677,100,999800,1
34445.4294,1,678,50,999900,-1
34445.937647,4,679,150,999900,-1
34446.22896,4,680,200,999800,1
34446.359184,1,681,100,999900,-1
34447.522461,4,682,100,999800,1
34448.289969,1,683,200,999900,-1
34449.228811,4,684,100,999900,-1
34449.653629,4,685,150,999800,1
34450.236993,4,686,50,999800,1
34450.665786,4,687,150,999800,1
34450.701549,1,688,200,999700,1
34450.931157,1,689,50,999700,1
34451.363321,4,690,50,999700,1
34451.939982,4,691,200,999800,-1
34452.455032,4,692,150,999800,-1
34454.213808,4,693,200,999800,1
34455.182709,1,694,100,999800,1
34455.449797,4,695,100,999800,1
34455.603646,4,696,200,999800,1
34456.323023,4,697,100,999700,1
34457.425353,1,698,100,999700,1
34457.844591,4,699,100,999700,1
34458.65454,4,700,100,999700,1
34458.708189,4,701,200,999800,-1
34458.75009,1,702,200,999700,1
34459.26931,1,703,50,999700,1
34460.082885,1,704,150,999700,1
34460.257657,4,705,50,999800,-1
34460.36042,4,706,150,999800,-1
34460.768419,4,707,150,999700,1
34460.812694,1,708,100,999800,-1
34460.877325,4,709,100,999700,1
34461.209305,4,710,50,999700,1
34461.264765,4,711,200,999800,-1
34461.303774,4,712,100,999800,-1
34462.102489,4,713,50,999700,1
34462.337326,1,714,100,999800,-1
34462.617096,4,715,150,999700,1
34463.022733,4,716,200,999800,-1
34463.654529,4,717,100,999700,1
34464.11774,4,718,200,999700,1
34464.256687,4,719,100,999800,-1
34464.474069,4,720,100,999900,-1
34464.825126,1,721,200,999800,1
34465.075773,1,722,100,999800,1
34465.561611,4,723,100,999800,1
34466.787547,4,724,150,999900,-1
34467.233524,4,725,100,999800,1
34467.388639,1,726,50,999800,1
34468.223275,4,727,150,999800,1
34468.251015,1,728,200,999900,-1
34468.785651,4,729,50,999900,-1
34469.199374,1,730,50,999900,-1
34469.213208,4,731,200,999800,1
34469.558901,4,732,150,999800,1
34470.247537,4,733,100,999800,1
34470.325799,4,734,100,999800,1
34470.836311,1,735,50,999700,1
34474.074095,4,736,100,999800,-1
34474.327129,1,737,100,999700,1
34474.879806,1,738,200,999800,-1
34475.219641,1,739,100,999800,-1
34475.852907,4,740,150,999800,-1
34475.864191,4,741,150,999800,-1
34475.870517,1,742,150,999700,1
34477.020105,4,743,150,999800,-1
34477.388512,1,744,200,999700,1
34477.695882,1,745,50,999700,1
34479.160093,1,746,100,999800,-1
34480.017396,4,747,100,999800,-1
34480.281758,4,748,100,999800,-1
34480.859058,4,749,150,999800,1
34480.971267,4,750,200,999900,-1
34481.565209,4,751,100,999800,1
34481.790253,1,752,100,999900,-1
34482.143138,1,753,150,999900,-1
34482.211681,1,754,200,999800,1
34483.519893,4,755,200,999800,1
34484.693514,4,756,200,999800,1
34485.258381,4,757,50,999900,-1
34485.430966,4,758,200,999900,-1
34485.468199,4,759,100,999800,1
34485.710813,1,760,150,999900,-1
34485.801653,1,761,100,999800,1
34486.151752,1,762,50,999900,-1
34486.839633,1,763,50,999900,-1
34487.376445,1,764,50,999900,-1
34487.404917,1,765,150,999800,1
34487.519617,4,766,150,999800,1
34488.006599,4,767,200,999900,-1
34488.553474,1,768,200,999900,-1
34488.597371,1,769,50,999800,1
34488.734656,4,770,100,999800,1
34489.015436,1,771,100,999900,-1
34489.02097,4,772,200,999800,1
34489.172502,1,773,100,999900,-1
34489.187634,1,774,150,999900,-1
34490.442331,4,775,50,999800,1
34490.527909,4,776,50,999800,1
34490.576235,1,777,150,999800,1
34491.141979,4,778,200,999900,-1
34491.27082,1,779,200,999800,1
34492.549819,1,780,200,999900,-1
34493.029398,4,781,100,999900,-1
34493.08876,1,782,200,999800,1
34493.195009,4,783,200,999900,-1
34493.713488,4,784,100,999900,-1
34494.02939,1,785,50,999800,1
34494.130557,4,786,100,999800,1
34494.290924,1,787,50,999900,-1
34494.480816,1,788,50,999900,-1
34494.724258,1,789,100,999800,1
34495.072438,4,790,50,999800,1
34495.605491,1,791,150,999800,1
34496.369976,1,792,150,999800,1
34496.425267,1,793,150,999900,-1
34496.571964,4,794,100,999900,-1
34496.656588,1,795,150,999900,-1
34496.726664,4,796,100,999800,1
34497.574164,4,797,50,999800,1
34497.945533,1,798,150,999900,-1
34498.114888,1,799,150,999800,1
34498.23152,4,800,100,999800,1
34498.38405,4,801,200,999900,-1
34498.417894,4,802,100,999900,-1
34499.084467,4,803,150,999900,-1
34499.488876,4,804,150,999900,-1
34499.874574,4,805,50,999800,1
34499.878024,4,806,100,999800,1
34500.240355,1,807,100,999800,1
34500.871557,1,808,50,999900,-1
34501.172686,4,809,150,999900,-1
34501.265394,4,810,150,999800,1
34501.486025,1,811,50,999900,-1
34501.916666,4,812,150,999900,-1
34502.008751,1,813,50,999900,-1
34502.244279,1,814,200,999800,1
34502.277276,1,815,100,999800,1
34502.622028,4,816,50,999900,-1
34502.69074,4,817,150,999900,-1
34503.086382,4,818,100,999900,-1
34503.399275,4,819,200,999800,1
34503.584342,1,820,100,999800,1
34503.993441,4,821,200,999900,-1
34503.99519,4,822,100,999900,-1
34504.210127,1,823,100,1000000,-1
34504.38911,4,824,50,999900,1
34505.483866,4,825,50,999900,1
34506.129903,4,826,200,999900,1
34506.162646,4,827,200,1000000,-1
34506.495475,4,828,200,999900,1
34506.54532,1,829,200,999900,1
34507.009107,4,830,100,1000000,-1
34507.341642,1,831,200,1000000,-1
34507.399117,1,832,100,1000000,-1
34507.648171,4,833,50,1000000,-1
34507.709093,1,834,150,999900,1
34508.212925,4,835,200,999900,1
34509.080548,1,836,50,999900,1
34509.219799,1,837,150,1000000,-1
34509.58748,4,838,100,1000000,-1
34509.636463,4,839,150,1000000,-1
34509.700794,4,840,100,1000000,-1
34509.96734,4,841,200,1000000,-1
34510.088352,4,842,50,999900,1
34510.168226,4,843,100,1000000,-1
34510.209573,4,844,50,1000000,-1
34510.363479,1,845,50,1000000,-1
34511.020635,1,846,200,1000000,-1
34511.026765,4,847,200,999900,1
34511.190801,4,848,150,999900,1
34511.724259,4,849,100,999900,-1
34512.740172,1,850,50,999800,1
34512.765704,4,851,150,999900,-1
34513.156047,4,852,100,999900,-1
34515.907176,4,853,200,999900,1
34516.006697,4,854,200,999900,1
34516.12821,1,855,50,999900,-1
34516.563706,4,856,150,999800,1
34517.459849,4,857,50,999800,1
34517.693324,4,858,50,999900,-1
34517.965359,1,859,50,999900,-1
34518.122226,1,860,100,999800,1
34518.348042,4,861,200,999900,-1
34518.580417,1,862,200,999800,1
34519.729254,4,863,200,999900,-1
34520.387904,1,864,50,999900,1
34520.850629,1,865,200,999900,1
34520.922946,4,866,150,999900,1
34520.966745,4,867,200,1000000,-1
34523.02575,1,868,150,999900,1
34523.245866,1,869,50,999900,1
34523.257464,1,870,50,1000000,-1
34523.508268,1,871,150,1000000,-1
34523.746659,1,872,200,999900,1
34524.063086,4,873,200,999900,1
34524.220654,4,874,50,1000000,-1
34524.416132,1,875,50,1000000,-1
34524.643365,1,876,200,1000000,-1
34524.78605,4,877,100,1000000,-1
34524.999148,4,878,150,1000000,-1
34525.60239,1,879,100,1000000,-1
34526.218114,4,880,150,999900,1
34526.23277,4,881,150,999900,1
34526.238577,1,882,50,1000000,-1
34526.478955,1,883,50,999900,1
34526.727748,4,884,50,999900,1
34527.49774,4,885,100,999900,1
34527.699787,1,886,200,999900,1
34528.060668,4,887,50,1000000,-1
34528.406877,1,888,150,1000000,-1
34529.352121,1,889,100,999900,1
34530.560275,1,890,150,999900,1
34531.066807,1,891,100,1000000,-1
34531.298504,1,892,200,1000000,-1
34531.713537,1,893,200,1000000,-1
34532.349126,4,894,200,1000000,-1
34532.585329,1,895,100,999900,1
34532.76996,1,896,150,1000000,-1
34532.865813,1,897,50,1000000,-1
34533.84935,1,898,150,1000000,-1
34534.481714,1,899,100,1000000,-1
34534.657278,4,900,50,1000000,-1
34534.6629,1,901,50,1000000,-1
34534.809874,4,902,200,999900,1
34535.068486,4,903,100,1000000,-1
34536.033123,4,904,150,999900,1
34536.493845,4,905,150,1000000,-1
34536.519056,1,906,150,1000000,-1
34536.52447,4,907,200,999900,1
34536.57117,4,908,150,999900,1
34536.631243,1,909,50,999900,1
34536.659246,4,910,200,999900,1
34537.176783,4,911,50,1000000,-1
34537.261947,1,912,200,999900,1
34537.957384,4,913,50,999900,1
34538.094545,1,914,150,999900,1
34538.099367,1,915,150,999900,1
34539.0097,1,916,150,999900,1
34539.667286,1,917,50,1000000,-1
34539.729101,1,918,100,999900,1
34539.741049,4,919,150,1000000,-1
34540.154078,1,920,150,1000000,-1
34540.249989,4,921,100,999900,1
34540.318561,1,922,100,1000000,-1
34541.048978,1,923,100,1000000,-1
34541.151572,1,924,100,999900,1
34541.425819,1,925,100,999900,1
34541.433153,1,926,200,999900,1
34541.938201,1,927,50,1000000,-1
34542.053742,1,928,50,1000000,-1
34543.082618,4,929,50,999900,1
34543.792781,1,930,50,1000000,-1
34544.472524,4,931,50,999900,1
34544.967756,4,932,50,1000000,-1
34545.132311,4,933,150,1000000,-1
34545.312293,1,934,50,999900,1
34545.385871,1,935,200,999900,1
34546.526993,4,936,100,999900,1
34546.892215,1,937,100,999900,1
34547.982169,4,938,50,1000000,-1
34548.268201,1,939,200,999900,1
34549.685469,1,940,150,999900,1
34550.131372,1,941,200,1000000,-1
34550.707042,4,942,100,999900,1
34551.017704,1,943,50,1000000,-1
34551.142549,4,944,50,999900,1
34551.559067,4,945,200,999900,1
34551.615588,4,946,50,1000000,-1
34551.867372,1,947,100,999900,1
34552.440033,1,948,200,1000000,-1
34552.46773,1,949,200,999900,1
34552.769286,4,950,200,999900,1
34553.76423,4,951,150,1000000,-1
34553.924068,1,952,150,999900,1
34554.948272,1,953,50,1000000,-1
34555.053671,4,954,200,999900,1
34555.115843,4,955,100,1000000,-1
34556.069836,1,956,200,1000000,-1
34556.454523,1,957,50,999900,1
34556.528605,4,958,200,999900,1
34557.195577,1,959,150,999900,1
34557.509198,4,960,150,999900,1
34557.742356,4,961,100,999900,1
34557.84498,4,962,100,1000000,-1
34557.953543,1,963,100,1000000,-1
34558.393847,1,964,100,1000000,-1
34558.506868,4,965,150,1000000,-1
34558.762251,1,966,200,999900,1
34559.564056,4,967,200,1000000,-1
34559.599902,1,968,150,999900,1
34559.619386,4,969,50,999900,1
34560.412667,1,970,150,999900,1
34560.610687,4,971,150,1000000,-1
34561.012995,1,972,50,1000000,-1
34561.105034,4,973,100,999900,1
34561.14484,4,974,200,1000000,-1
34561.457248,4,975,50,1000000,-1
34561.947231,4,976,100,1000000,-1
34562.227651,4,977,50,1000000,-1
34562.337891,4,978,100,1000000,-1
34563.672019,1,979,50,999900,1
34563.730452,4,980,200,1000000,-1
34563.817937,4,981,100,1000000,-1
34563.892155,1,982,150,999900,1
34564.359569,4,983,200,999900,1
34564.523403,1,984,200,999900,1
34564.832267,4,985,50,1000000,-1
34564.893762,4,986,100,1000000,-1
34565.114158,1,987,150,999900,1
34565.208253,4,988,150,999900,1
34565.801447,4,989,150,1000000,-1
34566.403079,4,990,50,1000000,-1
34567.983736,1,991,200,1000000,-1
34569.982713,4,992,200,1000000,-1
34570.13119,1,993,50,1000000,-1
34570.146368,1,994,150,1000000,-1
34570.366095,1,995,200,999900,1
34570.591037,4,996,150,999900,1
34571.205133,1,997,150,999900,1
34571.480851,1,998,150,1000000,-1
34571.663901,4,999,150,999900,1
34572.196674,1,1000,200,999900,1
34572.412863,4,1001,200,999900,1
34572.71542,4,1002,50,1000000,-1
34573.348386,4,1003,150,1000000,-1
34573.465138,1,1004,100,999900,1
34573.667545,4,1005,200,999900,1
34574.274007,4,1006,150,1000000,-1
34574.319384,1,1007,150,999900,1
34574.551518,1,1008,100,999900,1
34574.790978,4,1009,200,1000000,-1
34574.917713,4,1010,100,1000000,-1
34575.768689,4,1011,50,1000100,-1
34575.845519,4,1012,50,1000000,1
34575.906788,1,1013,200,1000100,-1
34575.949571,4,1014,50,1000000,1
34575.956825,4,1015,150,1000000,1
34576.654279,1,1016,100,1000000,1
34576.991823,1,1017,100,1000100,-1
34577.046294,1,1018,100,1000100,-1
34578.016108,4,1019,100,1000000,1
34578.350783,4,1020,200,1000000,1
34578.425426,4,1021,50,999900,1
34579.630456,4,1022,200,1000000,-1
34580.08489,4,1023,100,1000000,-1
34580.169863,1,1024,100,999900,1
34580.356047,1,1025,100,1000000,-1
34581.899375,4,1026,200,999900,1
34582.184718,4,1027,150,999900,1
34582.561539,4,1028,50,999800,1
34582.648217,1,1029,150,999900,-1
34582.769254,1,1030,150,999900,-1
34583.23352,1,1031,100,999800,1
34583.788151,1,1032,100,999800,1
34583.875618,4,1033,150,999800,1
34584.024742,4,1034,150,999800,1
34584.027721,4,1035,100,999800,1
34584.285578,4,1036,50,999800,1
34584.840553,1,1037,200,999900,-1
34585.226594,1,1038,100,999800,1
34585.434957,4,1039,50,999900,-1
34585.874073,4,1040,100,999800,1
34587.380002,4,1041,150,999900,-1
34587.538565,1,1042,100,999800,1
34587.982317,4,1043,50,999900,-1
34588.081916,1,1044,150,999900,-1
34588.550328,4,1045,50,999900,-1
34588.703709,4,1046,200,999900,-1
34589.14947,1,1047,100,999800,1
34589.687359,1,1048,200,999900,-1
34589.751811,4,1049,150,999800,1
34589.862568,1,1050,100,999800,1
34590.056719,1,1051,150,999900,-1
34590.062557,1,1052,200,999800,1
34590.761778,4,1053,50,999800,1
34590.99995,1,1054,100,999800,1
34592.111474,1,1055,100,999800,1
34592.459782,1,1056,150,999900,-1
34593.003743,1,1057,200,999800,1
34593.104608,4,1058,200,999900,-1
34593.323989,1,1059,150,999900,-1
34593.382047,4,1060,150,999900,-1
34593.578845,4,1061,200,999900,-1
34594.00525,4,1062,200,999900,-1
34594.636339,1,1063,100,999800,1
34595.017739,4,1064,200,999900,-1
34595.588944,1,1065,100,999800,1
34595.718768,4,1066,150,999800,1
34595.799158,1,1067,50,999800,1
34596.15646,4,1068,100,999800,1
34596.423392,1,1069,200,999900,-1
34596.58143,4,1070,50,999800,1
34597.197575,4,1071,200,999800,1
34598.322945,4,1072,200,999900,-1
34598.385085,4,1073,150,999800,1
34598.655597,4,1074,100,999800,1
34599.581736,4,1075,200,999900,-1
34599.60864,1,1076,150,999800,1
34600.778999,4,1077,50,999900,-1
34601.357776,4,1078,100,999900,-1
34601.50953,4,1079,200,999800,1
34601.515454,1,1080,150,999900,-1
34601.631704,1,1081,200,999900,-1
34601.968596,1,1082,100,999800,1
34602.468804,4,1083,200,999800,1
34604.272808,4,1084,50,999900,-1
34604.370101,4,1085,150,999900,-1
34604.818175,1,1086,200,999800,1
34604.962428,4,1087,200,999800,1
34605.146981,1,1088,200,999900,-1
34605.279978,4,1089,100,999800,1
34606.11057,4,1090,200,999900,-1
34606.808855,4,1091,100,999900,-1
34606.91673,4,1092,100,999900,-1
34607.633939,1,1093,100,999900,-1
34608.168346,4,1094,50,999800,1
34608.171715,4,1095,150,999900,-1
34609.385684,1,1096,150,999900,-1
34610.056133,1,1097,50,999900,-1
34610.27948,4,1098,200,999900,-1
34610.2979,4,1099,200,999900,-1
34610.515537,4,1100,200,999900,-1
34610.698791,4,1101,200,1000000,-1
34610.713035,1,1102,50,1000000,-1
34611.510234,4,1103,200,1000000,-1
34612.09085,1,1104,200,1000000,-1
34612.339017,4,1105,200,1000000,-1
34612.741358,1,1106,200,1000000,-1
34612.805283,4,1107,150,999900,1
34614.576184,1,1108,150,999900,1
34614.870206,4,1109,150,999900,1
34615.424307,1,1110,100,999900,1
34615.448812,4,1111,200,999900,1
34616.557413,4,1112,100,1000000,-1
34616.899045,1,1113,200,1000000,-1
34617.052021,4,1114,100,1000000,-1
34617.840128,1,1115,200,1000000,-1
34618.530558,4,1116,50,999900,1
34618.93114,1,1117,150,999900,1
34619.003231,1,1118,150,999900,1
34620.817347,1,1119,150,1000000,-1
34621.240419,4,1120,200,1000000,-1
34621.457093,4,1121,150,1000000,-1
34621.518402,1,1122,150,1000000,-1
34621.532409,1,1123,200,1000000,-1
34622.045585,1,1124,150,1000000,-1
34622.699415,4,1125,200,1000000,-1
34623.862923,1,1126,50,999900,1
34624.387858,1,1127,200,999900,1
34624.60511,1,1128,50,999900,1
34624.788113,4,1129,100,1000000,-1
34625.233096,4,1130,150,999900,1
34625.247789,4,1131,200,999900,1
34625.776519,4,1132,200,999900,1
34625.836203,4,1133,200,999900,1
34625.926903,1,1134,200,1000000,-1
34626.081334,4,1135,200,1000000,-1
34626.108068,4,1136,50,1000000,-1
34626.722322,4,1137,100,1000000,-1
34626.815063,4,1138,150,1000000,-1
34626.954536,1,1139,200,999900,1
34627.311011,1,1140,100,1000000,-1
34628.400985,4,1141,100,1000000,-1
34628.866134,4,1142,100,1000000,-1
34628.880707,4,1143,200,1000000,-1
34629.441943,1,1144,150,1000000,-1
34629.44476,4,1145,100,1000000,-1
34630.293821,1,1146,150,1000000,-1
34630.558623,1,1147,150,999900,1
34630.688069,4,1148,100,999900,1
34631.11122,4,1149,50,1000000,-1
34631.833993,1,1150,50,1000000,-1
34632.30388,4,1151,200,999900,1
34632.304706,1,1152,150,999900,1
34634.383464,4,1153,200,1000000,-1
34635.040148,4,1154,200,1000000,-1
34635.765209,1,1155,150,999900,1
34636.568307,4,1156,100,1000000,-1
34636.622104,1,1157,100,1000100,-1
34636.806169,4,1158,50,1000100,-1
34638.182701,1,1159,50,1000000,1
34638.931468,1,1160,150,1000000,1
34639.4948,4,1161,200,1000100,-1
34639.823003,1,1162,100,1000100,-1
34640.696326,4,1163,200,1000000,1
34641.201316,1,1164,200,1000100,-1
34641.302547,1,1165,50,1000000,1
34641.341408,4,1166,200,1000000,1
34641.64774,4,1167,100,1000000,1
34641.752745,1,1168,100,1000100,-1
34642.549444,4,1169,150,1000000,1
34642.571022,1,1170,50,999900,1
34642.835323,4,1171,200,1000000,-1
34643.152067,4,1172,50,1000000,-1
34643.4613,4,1173,200,999900,1
34643.875155,1,1174,50,999900,1
34644.084261,1,1175,150,1000000,-1
34644.225679,4,1176,200,999900,1
34644.470913,1,1177,150,999900,1
34644.598926,4,1178,50,999900,1
34644.892024,4,1179,150,1000000,-1
34645.144262,4,1180,150,999900,1
34645.528019,4,1181,100,999900,1
34646.392383,1,1182,50,999900,1
34646.652832,4,1183,200,1000000,-1
34646.932846,4,1184,150,1000000,-1
34647.586753,1,1185,100,1000000,-1
34647.62094,1,1186,150,999900,1
34647.947464,4,1187,100,999900,1
34648.612378,1,1188,50,999900,1
34648.800773,4,1189,200,999900,1
34648.949417,1,1190,100,999900,1
34648.971038,1,1191,150,1000000,-1
34649.281957,4,1192,50,1000000,-1
34649.820917,4,1193,150,1000000,-1
34650.299868,4,1194,150,999900,1
34650.308018,1,1195,50,999900,1
34650.58484,4,1196,200,999900,1
34650.716122,4,1197,150,1000000,-1
34650.869869,1,1198,150,1000000,1
34651.321225,4,1199,50,1000100,-1
34651.476779,4,1200,150,1000000,1
