1000100,450,1000000,500
1000100,450,1000000,300
1000100,350,1000000,300
1000100,500,1000000,300
1000100,500,1000000,100
1000100,300,1000000,100
1000100,100,1000000,100
1000100,100,1000000,150
1000000,750,999900,350
1000000,750,999900,300
1000000,950,999900,300
1000000,800,999900,300
1000000,850,999900,300
1000000,850,999900,350
1000000,750,999900,350
1000000,750,999900,550
1000000,750,999900,350
1000000,750,999900,300
1000000,650,999900,300
1000000,650,999900,100
1000000,700,999900,100
1000000,800,999900,100
1000000,800,999900,50
999900,800,999800,700
999900,900,999800,700
999900,1050,999800,700
999900,1050,999800,900
999900,900,999800,900
999900,900,999800,700
999900,900,999800,500
999900,900,999800,600
999900,800,999800,600
999900,750,999800,600
999900,750,999800,550
999900,850,999800,550
999900,850,999800,400
999900,750,999800,400
999900,650,999800,400
999900,850,999800,400
999900,850,999800,550
999900,900,999800,550
999900,900,999800,450
999900,1000,999800,450
999900,1000,999800,550
999900,1000,999800,750
999900,1000,999800,650
999900,900,999800,650
999900,900,999800,450
999900,1000,999800,450
999900,800,999800,450
999900,800,999800,250
999900,600,999800,250
999900,550,999800,250
999900,550,999800,400
999900,550,999800,450
999900,750,999800,450
999900,750,999800,300
999900,750,999800,350
999900,800,999800,350
999900,800,999800,300
999900,800,999800,200
999900,800,999800,100
999900,750,999800,100
999900,750,999800,50
999900,750,999800,100
999900,950,999800,100
999900,800,999800,100
999900,950,999800,100
999900,950,999800,250
999900,950,999800,150
999900,950,999800,300
999900,800,999800,300
999900,600,999800,300
999900,750,999800,300
999900,750,999800,500
999900,750,999800,600
999900,950,999800,600
999900,950,999800,500
999900,950,999800,600
999900,950,999800,750
999900,950,999800,900
999900,850,999800,900
999900,900,999800,900
999900,900,999800,750
999900,1050,999800,750
999900,1050,999800,950
999900,1050,999800,800
999900,1050,999800,750
999900,1100,999800,750
999900,950,999800,750
999900,950,999800,650
999900,750,999800,650
999900,850,999800,650
999900,850,999800,450
999900,800,999800,450
999900,850,999800,450
999900,750,999800,450
999900,700,999800,450
999900,750,999800,450
999900,750,999800,600
999900,950,999800,600
999900,950,999800,400
999900,950,999800,250
999900,950,999800,300
999900,950,999800,150
999800,700,999700,500
999800,750,999700,500
999800,750,999700,650
999800,850,999700,650
999800,1000,999700,650
999800,1000,999700,500
999800,1150,999700,500
999800,1000,999700,500
999800,1000,999700,350
999800,1000,999700,200
999800,1000,999700,250
999800,950,999700,250
999800,950,999700,100
999800,850,999700,100
999800,850,999700,250
999800,850,999700,50
999800,850,999700,200
999800,850,999700,400
999800,950,999700,400
999800,950,999700,550
999800,1100,999700,550
999800,1000,999700,550
999800,1050,999700,550
999800,1050,999700,400
999800,1200,999700,400
999800,1200,999700,450
999800,1400,999700,450
999800,1400,999700,600
999800,1350,999700,600
999800,1350,999700,400
999800,1400,999700,400
999800,1400,999700,500
999800,1400,999700,300
999800,1400,999700,250
999800,1450,999700,250
999800,1450,999700,100
999700,550,999600,300
999700,350,999600,300
999700,450,999600,300
999700,300,999600,300
999700,100,999600,300
999700,100,999600,200
999700,100,999600,400
999700,100,999600,350
999800,600,999700,500
999800,750,999700,500
999800,750,999700,550
999800,750,999700,350
999800,750,999700,550
999800,600,999700,550
999800,700,999700,550
999800,700,999700,500
999800,700,999700,300
999800,600,999700,300
999800,550,999700,300
999800,550,999700,200
999800,550,999700,350
999800,450,999700,350
999800,500,999700,350
999800,450,999700,350
999800,250,999700,350
999800,250,999700,300
999800,350,999700,300
999800,300,999700,300
999800,450,999700,300
999800,450,999700,250
999800,300,999700,250
999800,300,999700,300
999800,350,999700,300
999800,150,999700,300
999800,150,999700,100
999800,150,999700,50
999700,550,999600,400
999700,550,999600,600
999700,700,999600,600
999700,500,999600,600
999700,450,999600,600
999700,650,999600,600
999700,650,999600,650
999700,650,999600,600
999700,850,999600,600
999700,800,999600,600
999700,800,999600,500
999700,800,999600,700
999700,600,999600,700
999700,650,999600,700
999700,650,999600,650
999700,650,999600,700
999700,550,999600,700
999700,550,999600,900
999700,550,999600,1100
999700,550,999600,950
999700,500,999600,950
999700,450,999600,950
999700,450,999600,1000
999700,300,999600,1000
999700,350,999600,1000
999700,350,999600,1150
999700,150,999600,1150
999700,300,999600,1150
999700,300,999600,1300
999700,300,999600,1500
999700,400,999600,1500
999700,550,999600,1500
999700,350,999600,1500
999700,350,999600,1300
999700,300,999600,1300
999700,300,999600,1350
999700,350,999600,1350
999700,550,999600,1350
999700,550,999600,1550
999700,650,999600,1550
999700,650,999600,1450
999700,500,999600,1450
999700,500,999600,1300
999700,500,999600,1450
999700,300,999600,1450
999700,300,999600,1600
999700,300,999600,1800
999700,300,999600,1900
999700,300,999600,1750
999700,250,999600,1750
999700,350,999600,1750
999700,350,999600,1900
999700,500,999600,1900
999700,500,999600,1850
999700,500,999600,1650
999700,400,999600,1650
999700,400,999600,1550
999700,600,999600,1550
999700,450,999600,1550
999700,400,999600,1550
999700,350,999600,1550
999700,550,999600,1550
999700,550,999600,1450
999700,550,999600,1650
999700,550,999600,1500
999700,550,999600,1300
999700,750,999600,1300
999700,750,999600,1200
999700,750,999600,1050
999700,650,999600,1050
999700,650,999600,1150
999700,650,999600,1300
999700,650,999600,1500
999700,850,999600,1500
999700,1000,999600,1500
999700,1000,999600,1400
999700,1150,999600,1400
999700,950,999600,1400
999700,950,999600,1300
999700,800,999600,1300
999700,800,999600,1200
999700,900,999600,1200
999700,900,999600,1100
999700,950,999600,1100
999700,800,999600,1100
999700,800,999600,1250
999700,850,999600,1250
999700,850,999600,1050
999700,950,999600,1050
999700,950,999600,850
999700,950,999600,900
999700,800,999600,900
999700,800,999600,700
999700,800,999600,600
999700,800,999600,750
999700,650,999600,750
999700,650,999600,900
999700,850,999600,900
999700,800,999600,900
999700,850,999600,900
999700,700,999600,900
999700,700,999600,1050
999700,700,999600,900
999700,700,999600,1000
999700,700,999600,950
999700,850,999600,950
999700,850,999600,1000
999700,1050,999600,1000
999700,1100,999600,1000
999700,1300,999600,1000
999700,1500,999600,1000
999700,1500,999600,1200
999700,1450,999600,1200
999700,1450,999600,1050
999700,1250,999600,1050
999700,1250,999600,1150
999700,1250,999600,1250
999700,1250,999600,1450
999700,1250,999600,1250
999700,1250,999600,1050
999700,1250,999600,1150
999700,1100,999600,1150
999700,950,999600,1150
999700,950,999600,1200
999700,750,999600,1200
999700,600,999600,1200
999700,500,999600,1200
999700,500,999600,1350
999700,500,999600,1450
999700,350,999600,1450
999700,150,999600,1450
999700,300,999600,1450
999700,200,999600,1450
999700,200,999600,1550
999700,200,999600,1500
999700,200,999600,1350
999700,200,999600,1250
999700,200,999600,1050
999700,200,999600,950
999800,500,999700,350
999800,500,999700,250
999800,600,999700,250
999800,600,999700,350
999800,600,999700,200
999800,450,999700,200
999800,350,999700,200
999800,350,999700,150
999800,200,999700,150
999800,400,999700,150
999800,400,999700,100
999700,400,999600,400
999700,400,999600,250
999700,450,999600,250
999700,600,999600,250
999700,600,999600,150
999700,700,999600,150
999700,600,999600,150
999700,600,999600,350
999700,550,999600,350
999700,550,999600,300
999700,550,999600,100
999700,450,999600,100
999700,450,999600,250
999700,450,999600,350
999700,550,999600,350
999700,550,999600,250
999700,550,999600,200
999700,550,999600,100
999700,700,999600,100
999600,850,999500,300
999600,650,999500,300
999600,750,999500,300
999600,800,999500,300
999600,800,999500,150
999600,1000,999500,150
999600,1000,999500,100
999600,1100,999500,100
999600,1100,999500,50
999600,900,999500,50
999600,950,999500,50
999500,700,999400,350
999500,700,999400,200
999500,800,999400,200
999500,800,999400,250
999500,800,999400,350
999500,950,999400,350
999500,950,999400,400
999500,950,999400,350
999500,1100,999400,350
999500,1100,999400,300
999500,950,999400,300
999500,950,999400,450
999500,950,999400,400
999500,950,999400,550
999500,750,999400,550
999500,550,999400,550
999500,550,999400,450
999500,600,999400,450
999500,600,999400,350
999500,550,999400,350
999500,650,999400,350
999500,700,999400,350
999500,850,999400,350
999500,900,999400,350
999500,900,999400,200
999500,900,999400,50
999400,800,999300,350
999400,800,999300,200
999400,700,999300,200
999400,700,999300,350
999400,900,999300,350
999400,900,999300,400
999400,900,999300,250
999400,750,999300,250
999400,750,999300,150
999400,750,999300,50
999400,700,999300,50
999400,700,999300,100
999400,800,999300,100
999400,850,999300,100
999400,850,999300,50
999400,1000,999300,50
999400,800,999300,50
999400,700,999300,50
999300,500,999200,500
999300,500,999200,550
999300,300,999200,550
999300,450,999200,550
999300,450,999200,650
999300,450,999200,850
999300,450,999200,1000
999300,450,999200,950
999300,500,999200,950
999300,500,999200,800
999300,500,999200,900
999300,500,999200,850
999300,500,999200,700
999300,500,999200,800
999300,500,999200,850
999300,500,999200,1000
999300,300,999200,1000
999300,300,999200,950
999300,300,999200,1100
999300,300,999200,1050
999300,150,999200,1050
999300,150,999200,1250
999400,400,999300,650
999400,600,999300,650
999400,600,999300,700
999400,600,999300,800
999400,600,999300,650
999400,600,999300,500
999400,500,999300,500
999400,500,999300,350
999400,500,999300,500
999400,500,999300,300
999400,300,999300,300
999400,300,999300,400
999400,100,999300,400
999400,100,999300,200
999400,100,999300,350
999400,250,999300,350
999400,400,999300,350
999400,400,999300,150
999400,400,999300,350
999400,600,999300,350
999400,450,999300,350
999400,450,999300,550
999400,450,999300,500
999400,250,999300,500
999400,200,999300,500
999400,200,999300,450
999400,100,999300,450
999400,50,999300,450
999400,150,999300,450
999400,150,999300,300
999400,200,999300,300
999400,200,999300,100
999400,250,999300,100
999400,250,999300,300
999400,100,999300,300
999500,750,999400,400
999500,550,999400,400
999500,450,999400,400
999500,450,999400,350
999500,350,999400,350
999500,300,999400,350
999500,350,999400,350
999500,150,999400,350
999500,150,999400,550
999500,150,999400,600
999500,150,999400,800
999500,150,999400,600
999600,450,999500,550
999600,400,999500,550
999600,200,999500,550
999600,50,999500,550
999600,50,999500,450
999600,50,999500,550
999600,200,999500,550
999600,200,999500,600
999600,300,999500,600
999600,300,999500,450
999600,350,999500,450
999600,350,999500,650
999600,350,999500,500
999600,350,999500,600
999600,350,999500,550
999600,450,999500,550
999600,350,999500,550
999600,150,999500,550
999600,150,999500,450
999600,250,999500,450
999600,100,999500,450
999600,100,999500,650
999600,200,999500,650
999600,200,999500,500
999600,200,999500,600
999600,200,999500,500
999600,200,999500,650
999600,200,999500,600
999600,50,999500,600
999600,50,999500,650
999600,50,999500,600
999700,650,999600,350
999700,450,999600,350
999700,350,999600,350
999700,300,999600,350
999700,350,999600,350
999700,350,999600,500
999700,350,999600,600
999700,350,999600,700
999700,350,999600,550
999700,350,999600,400
999700,150,999600,400
999700,150,999600,350
999700,50,999600,350
999700,50,999600,550
999700,50,999600,600
999700,200,999600,600
999700,100,999600,600
999700,300,999600,600
999700,100,999600,600
999700,150,999600,600
999700,150,999600,400
999700,150,999600,450
999700,150,999600,550
999700,150,999600,700
999800,850,999700,600
999800,1000,999700,600
999800,1050,999700,600
999800,1050,999700,800
999800,950,999700,800
999800,850,999700,800
999800,850,999700,750
999800,700,999700,750
999800,700,999700,600
999800,850,999700,600
999800,800,999700,600
999800,800,999700,700
999800,600,999700,700
999800,800,999700,700
999800,900,999700,700
999800,1000,999700,700
999800,800,999700,700
999800,1000,999700,700
999800,1000,999700,600
999800,900,999700,600
999800,900,999700,550
999800,750,999700,550
999800,800,999700,550
999800,800,999700,400
999800,800,999700,250
999800,600,999700,250
999800,750,999700,250
999800,750,999700,200
999800,750,999700,100
999700,650,999600,550
999700,750,999600,550
999700,650,999600,550
999700,650,999600,500
999700,650,999600,600
999700,650,999600,700
999700,650,999600,600
999700,650,999600,400
999700,650,999600,350
999700,650,999600,200
999700,700,999600,200
999700,550,999600,200
999700,400,999600,200
999700,400,999600,400
999700,400,999600,350
999700,550,999600,350
999700,550,999600,200
999700,350,999600,200
999700,200,999600,200
999800,300,999700,650
999800,300,999700,500
999800,200,999700,500
999800,250,999700,500
999800,250,999700,450
999800,450,999700,450
999800,450,999700,500
999800,250,999700,500
999800,250,999700,550
999800,250,999700,450
999800,400,999700,450
999800,400,999700,350
999800,300,999700,350
999800,300,999700,450
999800,200,999700,450
999800,200,999700,400
999800,50,999700,400
999800,50,999700,200
999900,800,999800,450
999900,800,999800,500
999900,900,999800,500
999900,900,999800,450
999900,900,999800,650
999900,900,999800,600
999900,700,999800,600
999900,750,999800,600
999900,550,999800,600
999900,400,999800,600
999900,400,999800,750
999900,400,999800,650
999900,400,999800,850
999900,400,999800,700
999900,550,999800,700
999900,550,999800,500
999900,350,999800,500
999900,250,999800,500
999900,250,999800,700
999900,250,999800,750
999900,250,999800,600
999900,250,999800,450
999900,250,999800,350
999900,350,999800,350
999900,350,999800,550
999900,150,999800,550
999900,150,999800,650
999900,350,999800,650
999900,550,999800,650
999900,350,999800,650
999900,350,999800,850
999900,350,999800,1050
999900,350,999800,850
999900,350,999800,750
999900,350,999800,550
999900,500,999800,550
999900,500,999800,600
999900,500,999800,800
999900,300,999800,800
999900,300,999800,700
999900,300,999800,500
999900,300,999800,450
999900,300,999800,600
999900,350,999800,600
999900,150,999800,600
1000000,850,999900,300
1000000,1050,999900,300
1000000,850,999900,300
1000000,850,999900,100
1000000,850,999900,300
1000000,850,999900,250
1000000,850,999900,100
1000000,750,999900,100
999900,750,999800,750
999900,950,999800,750
999900,1100,999800,750
999900,1000,999800,750
999900,950,999800,750
999900,950,999800,600
999900,1150,999800,600
999900,950,999800,600
999900,850,999800,600
999900,850,999800,500
999900,950,999800,500
999900,850,999800,500
999900,900,999800,500
999900,700,999800,500
999900,700,999800,550
999900,700,999800,500
999900,600,999800,500
999900,400,999800,500
999900,400,999800,450
999900,400,999800,350
999900,250,999800,350
999900,250,999800,550
999900,250,999800,750
999900,400,999800,750
999900,400,999800,650
999900,400,999800,450
999900,550,999800,450
999900,550,999800,250
999900,500,999800,250
999900,500,999800,350
999900,500,999800,450
999900,500,999800,650
999900,500,999800,550
999900,550,999800,550
999900,400,999800,550
999900,400,999800,350
999900,500,999800,350
999900,500,999800,250
999900,700,999800,250
999900,600,999800,250
999900,600,999800,100
999900,600,999800,50
999800,350,999700,750
999800,350,999700,950
999800,350,999700,1000
999800,350,999700,950
999800,150,999700,950
999900,800,999800,300
999900,800,999800,100
999900,800,999800,200
999900,800,999800,100
999800,750,999700,750
999800,750,999700,650
999800,750,999700,750
999800,750,999700,650
999800,750,999700,550
999800,550,999700,550
999800,550,999700,750
999800,550,999700,800
999800,550,999700,950
999800,500,999700,950
999800,350,999700,950
999800,350,999700,800
999800,450,999700,800
999800,450,999700,700
999800,450,999700,650
999800,250,999700,650
999800,150,999700,650
999800,150,999700,600
999800,250,999700,600
999800,250,999700,450
999800,50,999700,450
999800,50,999700,350
999800,50,999700,150
999900,400,999800,500
999900,300,999800,500
999900,300,999800,700
999900,300,999800,800
999900,300,999800,700
999900,150,999800,700
999900,150,999800,600
999900,150,999800,650
999900,150,999800,500
999900,350,999800,500
999900,300,999800,500
999900,350,999800,500
999900,350,999800,300
999900,350,999800,150
999900,350,999800,50
999800,300,999700,400
999800,300,999700,450
999800,200,999700,450
999800,200,999700,550
999800,400,999700,550
999800,500,999700,550
999800,350,999700,550
999800,200,999700,550
999800,200,999700,700
999800,50,999700,700
999800,50,999700,900
999800,50,999700,950
999800,150,999700,950
999800,50,999700,950
999900,850,999800,850
999900,850,999800,700
999900,650,999800,700
999900,650,999800,600
999900,750,999800,600
999900,900,999800,600
999900,900,999800,800
999900,900,999800,600
999900,900,999800,400
999900,850,999800,400
999900,650,999800,400
999900,650,999800,300
999900,800,999800,300
999900,800,999800,400
999900,850,999800,400
999900,900,999800,400
999900,950,999800,400
999900,950,999800,550
999900,950,999800,400
999900,750,999800,400
999900,950,999800,400
999900,950,999800,450
999900,950,999800,350
999900,1050,999800,350
999900,1050,999800,150
999900,1150,999800,150
999900,1300,999800,150
999900,1300,999800,100
999900,1300,999800,50
999900,1300,999800,200
999900,1100,999800,200
999900,1100,999800,400
999900,1300,999800,400
999900,1200,999800,400
999900,1200,999800,600
999900,1000,999800,600
999900,900,999800,600
999900,900,999800,650
999900,900,999800,550
999900,950,999800,550
999900,1000,999800,550
999900,1000,999800,650
999900,1000,999800,600
999900,1000,999800,750
999900,1000,999800,900
999900,1150,999800,900
999900,1050,999800,900
999900,1200,999800,900
999900,1200,999800,800
999900,1200,999800,750
999900,1350,999800,750
999900,1350,999800,900
999900,1350,999800,800
999900,1150,999800,800
999900,1050,999800,800
999900,900,999800,800
999900,750,999800,800
999900,750,999800,750
999900,750,999800,650
999900,750,999800,750
999900,800,999800,750
999900,650,999800,750
999900,650,999800,600
999900,700,999800,600
999900,550,999800,600
999900,600,999800,600
999900,600,999800,800
999900,600,999800,900
999900,550,999800,900
999900,400,999800,900
999900,300,999800,900
999900,300,999800,700
999900,300,999800,800
999900,100,999800,800
1000000,650,999900,600
1000000,750,999900,600
1000000,750,999900,550
1000000,750,999900,500
1000000,750,999900,300
1000000,550,999900,300
1000000,550,999900,100
1000000,550,999900,300
1000000,450,999900,300
1000000,650,999900,300
1000000,750,999900,300
1000000,700,999900,300
1000000,700,999900,450
1000000,700,999900,250
1000000,700,999900,300
1000000,850,999900,300
1000000,750,999900,300
1000000,600,999900,300
1000000,500,999900,300
1000000,300,999900,300
1000000,300,999900,250
1000000,200,999900,250
1000000,150,999900,250
1000000,200,999900,250
1000000,400,999900,250
1000000,400,999900,50
999900,350,999800,750
999900,250,999800,750
999900,250,999800,800
999900,100,999800,800
1000000,350,999900,300
1000000,350,999900,100
999900,300,999800,850
999900,350,999800,850
999900,350,999800,700
999900,350,999800,650
999900,300,999800,650
999900,350,999800,650
999900,350,999800,750
999900,150,999800,750
999900,150,999800,950
1000000,400,999900,750
1000000,400,999900,800
1000000,400,999900,1000
1000000,400,999900,850
1000000,200,999900,850
1000000,200,999900,1000
1000000,200,999900,1050
1000000,250,999900,1050
1000000,400,999900,1050
1000000,400,999900,1250
1000000,400,999900,1050
1000000,350,999900,1050
1000000,400,999900,1050
1000000,600,999900,1050
1000000,500,999900,1050
1000000,350,999900,1050
1000000,450,999900,1050
1000000,450,999900,900
1000000,450,999900,750
1000000,500,999900,750
1000000,500,999900,800
1000000,500,999900,750
1000000,500,999900,650
1000000,500,999900,850
1000000,450,999900,850
1000000,600,999900,850
1000000,600,999900,950
1000000,600,999900,1100
1000000,700,999900,1100
1000000,900,999900,1100
1000000,1100,999900,1100
1000000,900,999900,1100
1000000,900,999900,1200
1000000,1050,999900,1200
1000000,1100,999900,1200
1000000,1250,999900,1200
1000000,1350,999900,1200
1000000,1300,999900,1200
1000000,1350,999900,1200
1000000,1350,999900,1000
1000000,1250,999900,1000
1000000,1250,999900,850
1000000,1100,999900,850
1000000,1250,999900,850
1000000,1250,999900,650
1000000,1250,999900,500
1000000,1250,999900,550
1000000,1250,999900,350
1000000,1200,999900,350
1000000,1200,999900,550
1000000,1200,999900,500
1000000,1200,999900,650
1000000,1200,999900,800
1000000,1200,999900,950
1000000,1250,999900,950
1000000,1250,999900,1050
1000000,1100,999900,1050
1000000,1250,999900,1050
1000000,1250,999900,950
1000000,1350,999900,950
1000000,1450,999900,950
1000000,1450,999900,1050
1000000,1450,999900,1150
1000000,1450,999900,1350
1000000,1500,999900,1350
1000000,1550,999900,1350
1000000,1550,999900,1300
1000000,1600,999900,1300
1000000,1600,999900,1250
1000000,1550,999900,1250
1000000,1400,999900,1250
1000000,1400,999900,1300
1000000,1400,999900,1500
1000000,1400,999900,1400
1000000,1400,999900,1500
1000000,1350,999900,1500
1000000,1350,999900,1700
1000000,1350,999900,1850
1000000,1550,999900,1850
1000000,1550,999900,1750
1000000,1600,999900,1750
1000000,1600,999900,1700
1000000,1600,999900,1500
1000000,1550,999900,1500
1000000,1550,999900,1600
1000000,1750,999900,1600
1000000,1750,999900,1800
1000000,1750,999900,1600
1000000,1600,999900,1600
1000000,1600,999900,1750
1000000,1650,999900,1750
1000000,1650,999900,1550
1000000,1550,999900,1550
1000000,1750,999900,1550
1000000,1750,999900,1600
1000000,1750,999900,1400
1000000,1750,999900,1550
1000000,1750,999900,1400
1000000,1750,999900,1300
1000000,1650,999900,1300
1000000,1750,999900,1300
1000000,1850,999900,1300
1000000,1700,999900,1300
1000000,1700,999900,1500
1000000,1500,999900,1500
1000000,1500,999900,1650
1000000,1500,999900,1600
1000000,1500,999900,1750
1000000,1350,999900,1750
1000000,1400,999900,1750
1000000,1400,999900,1650
1000000,1200,999900,1650
1000000,1150,999900,1650
1000000,1050,999900,1650
1000000,1000,999900,1650
1000000,900,999900,1650
1000000,900,999900,1700
1000000,700,999900,1700
1000000,600,999900,1700
1000000,600,999900,1850
1000000,600,999900,1650
1000000,600,999900,1850
1000000,550,999900,1850
1000000,450,999900,1850
1000000,450,999900,2000
1000000,450,999900,1850
1000000,300,999900,1850
1000000,250,999900,1850
1000000,450,999900,1850
1000000,250,999900,1850
1000000,300,999900,1850
1000000,450,999900,1850
1000000,450,999900,2050
1000000,450,999900,1900
1000000,450,999900,2050
1000000,600,999900,2050
1000000,600,999900,1900
1000000,600,999900,2100
1000000,600,999900,1900
1000000,550,999900,1900
1000000,400,999900,1900
1000000,400,999900,2000
1000000,400,999900,1800
1000000,250,999900,1800
1000000,250,999900,1950
1000000,250,999900,2050
1000000,50,999900,2050
1000100,800,1000000,300
1000100,750,1000000,300
1000100,750,1000000,250
1000100,950,1000000,250
1000100,950,1000000,200
1000100,950,1000000,50
1000100,950,1000000,150
1000100,1050,1000000,150
1000100,1150,1000000,150
1000100,1150,1000000,50
1000000,500,999900,300
1000000,500,999900,250
1000000,300,999900,250
1000000,200,999900,250
1000000,200,999900,350
1000000,300,999900,350
1000000,300,999900,150
999900,850,999800,650
999900,850,999800,600
999900,1000,999800,600
999900,1150,999800,600
999900,1150,999800,700
999900,1150,999800,800
999900,1150,999800,650
999900,1150,999800,500
999900,1150,999800,400
999900,1150,999800,350
999900,1350,999800,350
999900,1350,999800,450
999900,1300,999800,450
999900,1300,999800,350
999900,1150,999800,350
999900,1150,999800,450
999900,1100,999800,450
999900,1250,999800,450
999900,1200,999800,450
999900,1000,999800,450
999900,1000,999800,550
999900,1200,999800,550
999900,1200,999800,400
999900,1200,999800,500
999900,1350,999800,500
999900,1350,999800,700
999900,1350,999800,650
999900,1350,999800,750
999900,1350,999800,850
999900,1500,999800,850
999900,1500,999800,1050
999900,1300,999800,1050
999900,1450,999800,1050
999900,1300,999800,1050
999900,1100,999800,1050
999900,900,999800,1050
999900,900,999800,1150
999900,700,999800,1150
999900,700,999800,1250
999900,700,999800,1100
999900,700,999800,1150
999900,700,999800,1050
999900,900,999800,1050
999900,900,999800,1000
999900,900,999800,800
999900,700,999800,800
999900,700,999800,650
999900,700,999800,550
999900,500,999800,550
999900,500,999800,700
999900,450,999800,700
999900,350,999800,700
999900,350,999800,500
999900,500,999800,500
999900,700,999800,500
999900,700,999800,600
999900,700,999800,400
999900,650,999800,400
999900,500,999800,400
999900,500,999800,600
999900,500,999800,400
999900,700,999800,400
999900,700,999800,300
999900,500,999800,300
999900,400,999800,300
999900,300,999800,300
999900,400,999800,300
999900,400,999800,250
999900,250,999800,250
999900,400,999800,250
999900,450,999800,250
999900,250,999800,250
999900,50,999800,250
1000000,850,999900,800
1000000,650,999900,800
1000000,700,999900,800
1000000,500,999900,800
1000000,700,999900,800
1000000,500,999900,800
1000000,700,999900,800
1000000,700,999900,650
1000000,700,999900,800
1000000,700,999900,650
1000000,700,999900,750
1000000,700,999900,550
1000000,600,999900,550
1000000,800,999900,550
1000000,700,999900,550
1000000,900,999900,550
1000000,900,999900,500
1000000,900,999900,650
1000000,900,999900,800
1000000,1050,999900,800
1000000,850,999900,800
1000000,700,999900,800
1000000,850,999900,800
1000000,1050,999900,800
1000000,1200,999900,800
1000000,1000,999900,800
1000000,1000,999900,850
1000000,1000,999900,1050
1000000,1000,999900,1100
1000000,900,999900,1100
1000000,900,999900,950
1000000,900,999900,750
1000000,900,999900,550
1000000,900,999900,350
1000000,1100,999900,350
1000000,900,999900,350
1000000,850,999900,350
1000000,750,999900,350
1000000,600,999900,350
1000000,600,999900,550
1000000,700,999900,550
1000000,600,999900,550
1000000,500,999900,550
1000000,300,999900,550
1000000,450,999900,550
1000000,350,999900,550
1000000,500,999900,550
1000000,500,999900,700
1000000,500,999900,600
1000000,450,999900,600
1000000,500,999900,600
1000000,500,999900,400
1000000,500,999900,550
1000000,300,999900,550
1000000,100,999900,550
1000000,100,999900,700
1000100,800,1000000,350
1000100,900,1000000,350
1000100,850,1000000,350
1000100,850,1000000,400
1000100,850,1000000,550
1000100,650,1000000,550
1000100,750,1000000,550
1000100,750,1000000,350
1000100,950,1000000,350
1000100,950,1000000,400
1000100,950,1000000,200
1000100,950,1000000,100
1000100,1050,1000000,100
1000000,650,999900,750
1000000,650,999900,800
1000000,450,999900,800
1000000,400,999900,800
1000000,400,999900,600
1000000,400,999900,650
1000000,550,999900,650
1000000,550,999900,450
1000000,550,999900,600
1000000,550,999900,550
1000000,400,999900,550
1000000,400,999900,400
1000000,400,999900,300
1000000,400,999900,350
1000000,200,999900,350
1000000,50,999900,350
1000000,150,999900,350
1000000,150,999900,500
1000000,150,999900,400
1000000,150,999900,450
1000000,150,999900,250
1000000,150,999900,350
1000000,300,999900,350
1000000,250,999900,350
1000000,100,999900,350
1000000,100,999900,200
1000000,100,999900,250
1000000,100,999900,50
1000100,650,1000000,500
1000100,650,1000000,650
1000100,600,1000000,650
1000100,600,1000000,500
